0;Name;Surname;Address;City;Post Code;Email;Phone;Password
1;Kalia;Humphrey;503-2004 Vivamus St.;Logroño;2638;adipiscing@eget.com;1-937-175-404-5754;123
2;Hamish;Kirk;P.O. Box 717, 9439 Nec, Street;Mobile;75857;Pellentesque@duiFusce.com;1-974-600-951-2156;124
3;Cassady;Ross;Ap #566-6536 Consectetuer Av.;Bauchi;7191;Donec@quisurna.org;1-138-229-563-7281;125
4;Ruth;Richard;Ap #201-9613 Interdum Street;Vremde;63305;aliquet@lacus.net;1-231-130-353-6075;126
5;Cooper;Chang;Ap #400-3852 Nullam Av.;Overland Park;6930;vel.quam.dignissim@feugiatSednec.org;1-929-446-504-6537;127
6;Lee;Hull;407-8910 Risus. St.;Hannut;WZ0 2NA;Donec@ligulaNullam.ca;1-961-932-835-5737;128
7;Claire;Chaney;Ap #994-415 Erat. Road;Scarborough;4011;at@enim.net;1-756-483-521-7412;129
8;Whilemina;Coleman;169-257 Duis Rd.;Gasteiz;9039;nibh.Donec.est@nulla.org;1-127-681-066-1990;130
9;Kaitlin;Battle;4732 A, Street;Alcalá de Henares;83831-714;mauris.id.sapien@consectetuercursus.net;1-580-800-698-8311;131
10;Brielle;Moran;541-9888 Sociis Ave;Freux;300680;vulputate@utnisi.net;1-400-605-541-6402;132
11;Damian;Houston;Ap #580-7708 Posuere Rd.;Belmonte del Sannio;19952-727;nisi.sem@cursus.com;1-714-455-908-7379;133
12;Hermione;Melton;Ap #992-5923 Fermentum St.;Negrete;1598;tellus@diamDuis.edu;1-189-870-699-6898;134
13;Jescie;Cherry;Ap #550-2956 Lacus. St.;Pollein;2836;faucibus.Morbi@etipsum.edu;1-327-547-892-5248;135
14;Sasha;Emerson;P.O. Box 840, 1110 Nulla. Street;Bayswater;306235;pede@erat.edu;1-412-878-475-5387;136
15;Liberty;Ratliff;P.O. Box 558, 1774 Magna Av.;Waiuku;4193;ut@sapiengravida.com;1-785-335-595-5987;137
16;Vera;Lopez;Ap #893-8287 Morbi St.;Topeka;31114;semper@dolorsit.ca;1-476-854-279-1505;138
17;Nathan;Logan;P.O. Box 257, 2509 Curabitur Rd.;Hamoir;991751;ut@eumetusIn.net;1-400-217-420-4045;139
18;Mira;Franco;1288 Sed Road;Poznań;688074;ullamcorper.nisl.arcu@ante.net;1-336-407-772-1034;140
19;Bell;Oliver;P.O. Box 380, 876 Dui. Avenue;Fontaine-l'Evque;B6G 6P0;vel@nunc.edu;1-796-386-893-1185;141
20;Nyssa;Pugh;Ap #315-9465 Amet, Road;Cressa;292758;aliquet.libero@eleifendegestas.ca;1-623-414-948-3573;142
21;Xanthus;Bird;Ap #588-1902 Lorem St.;Terneuzen;42288;conubia.nostra.per@dictumProineget.com;1-404-258-366-1530;143
22;Nissim;Sykes;P.O. Box 913, 2096 Nec Rd.;Runcorn;14183-972;non.lobortis.quis@Aenean.edu;1-882-150-220-4511;144
23;Hyatt;Dixon;P.O. Box 529, 3541 Vel St.;Mariquina;55206-581;aliquet@elit.net;1-930-177-028-3080;145
24;Bree;Griffin;P.O. Box 787, 1943 Aliquam Rd.;Jamoigne;8841;Aliquam@diamProin.co.uk;1-297-965-664-9514;146
25;Chaney;Macdonald;P.O. Box 413, 2476 Morbi Rd.;Elbląg;G6 3FE;est@urnaNullamlobortis.net;1-197-402-335-3607;147
26;Jolie;Montgomery;Ap #387-5298 Tellus St.;Busso;1642AX;posuere.cubilia@arcuacorci.net;1-994-418-084-8585;148
27;Connor;Calhoun;P.O. Box 889, 6787 Faucibus Street;Ilkeston;64046;eu.eros@hendrerit.net;1-657-218-833-1181;149
28;Jade;Gilliam;7678 Erat Avenue;Vergemoli;80-542;facilisis@Aenean.co.uk;1-575-554-789-3810;150
29;Iona;Arnold;P.O. Box 965, 9843 Neque Rd.;Saint-Eug�ne-de-Ladri�re;R5 5LQ;commodo.tincidunt.nibh@vestibulummassarutrum.com;1-849-442-954-3756;151
30;Sydnee;Bonner;Ap #291-9022 Id, Street;Smetlede;967061;cubilia@libero.com;1-278-416-090-2826;152
31;Leilani;England;P.O. Box 606, 2923 Euismod Rd.;Rijkevorsel;13293;enim@porttitor.org;1-698-302-726-2640;153
32;Chase;Gardner;P.O. Box 127, 1653 Aenean Road;Conselice;211333;porttitor@etmagnisdis.com;1-291-573-481-3183;154
33;Tasha;Bruce;P.O. Box 811, 8376 Cras St.;Sombreffe;31527;velit.dui@nuncsedlibero.com;1-963-327-133-7138;155
34;Luke;Ramsey;P.O. Box 239, 3397 Hymenaeos. Ave;Bhatpara;203659;purus@augueutlacus.co.uk;1-739-479-735-4897;156
35;Erich;Buck;459-8804 Libero. St.;Coalville;78488;tempus.eu.ligula@intempuseu.org;1-231-985-604-9743;157
36;Hayden;Mathews;6403 Sollicitudin Rd.;Reggio nell'Emilia;94737;auctor@Fusce.ca;1-348-131-538-7337;158
37;Kirsten;Osborn;1608 Massa. Ave;Chicoutimi;13691;et@fringilla.co.uk;1-395-908-515-6978;159
38;Moses;Lawrence;1032 Urna Av.;Soissons;AN6 0TE;posuere.cubilia@inmolestie.edu;1-743-446-428-1993;160
39;Urielle;Black;P.O. Box 960, 3319 Donec Rd.;Paularo;71-705;nisl@duiaugue.org;1-939-255-770-2449;161
40;Judah;Robinson;P.O. Box 576, 2786 Diam Ave;Nadrin;488632;lobortis.augue@lacus.org;1-146-503-734-5369;162
41;Meghan;Shepard;Ap #551-6671 Cursus Ave;Cavaso del Tomba;31752;ante@Donecvitaeerat.ca;1-842-349-926-4547;163
42;Alexa;Witt;106-9923 Fringilla Ave;Ortonovo;6683;adipiscing.enim.mi@temporest.ca;1-349-951-061-2673;164
43;Kessie;Schultz;P.O. Box 762, 8001 Non, Rd.;Wetteren;60637;Integer.eu@enimEtiam.org;1-120-322-090-1966;165
44;Yen;Peterson;Ap #163-2298 Eget Street;MŽlin;6402;Cum.sociis.natoque@enimCurabitur.edu;1-784-732-097-2182;166
45;Tatyana;Martin;Ap #883-8811 Amet Road;Halkirk;408284;id.blandit.at@metus.edu;1-478-634-481-2427;167
46;Demetria;Pena;P.O. Box 506, 8779 Vitae, Avenue;Salem;80072;justo.eu.arcu@odiotristique.ca;1-458-771-911-7566;168
47;Graham;Charles;Ap #920-1207 Euismod Rd.;Braunau am Inn;15108;pede.nonummy.ut@euerosNam.edu;1-799-563-775-3026;169
48;Sydney;Weeks;943-7030 Cursus. Ave;Racine;95568;nascetur.ridiculus.mus@eu.co.uk;1-835-745-377-4227;170
49;Eliana;Pope;343-8312 Eu, Street;Mannekensvere;21746;In.faucibus@at.org;1-159-299-209-6780;171
50;Simon;Justice;Ap #966-8918 Dignissim Road;Cisano Bergamasco;185593;justo.eu.arcu@mollisnec.org;1-658-602-601-6080;172
51;Ann;Glover;983-4692 Curabitur Street;Westkapelle;73-915;malesuada.augue@atvelit.net;1-161-538-309-3834;173
52;Jena;Ortiz;P.O. Box 797, 8771 Arcu. Avenue;Ladispoli;82-508;ridiculus.mus@estmollisnon.co.uk;1-983-908-859-4361;174
53;Colette;Christensen;Ap #437-6229 Dolor. Av.;Vaux-sur-Sure;4357JQ;libero.lacus.varius@afeugiattellus.edu;1-940-111-498-1453;175
54;Merrill;Navarro;723-4093 Fringilla Rd.;Maizeret;29267;enim.diam.vel@blanditmattisCras.ca;1-703-835-663-9224;176
55;Brody;Branch;1710 Dolor Ave;Blois;L5W 9P7;dignissim.tempor@dapibusrutrumjusto.org;1-263-865-917-2290;177
56;MacKenzie;Quinn;750-5873 Risus St.;Hines Creek;8999;gravida@aliquetmetus.net;1-431-197-207-4210;178
57;Lillian;Spears;7516 Nisi Road;Waardamme;370443;urna.justo.faucibus@eu.com;1-457-158-104-2924;179
58;Stacy;Norman;765-6338 Sagittis St.;Ligney;18-134;Proin.velit@acmattis.co.uk;1-531-407-642-3051;180
59;Medge;Best;8703 Vitae, Road;Cap-Saint-Ignace;1205;in@lorem.co.uk;1-468-993-493-6349;181
60;Randall;Ramsey;P.O. Box 271, 5157 Gravida. Road;Dunstable;8172;commodo@Fusce.ca;1-983-308-110-3466;182
61;Dacey;Perez;150-8545 Magna. Rd.;Kortrijk;198881;magnis@duilectus.com;1-728-912-942-7656;183
62;Kylie;Nixon;2186 Elit. Rd.;Polcenigo;8652;ligula.elit@lacus.net;1-672-696-633-2489;184
63;Lara;Shelton;709-8276 Id, St.;Aschaffenburg;5897;Ut@vulputate.net;1-351-429-088-6605;185
64;Sopoline;Duke;P.O. Box 938, 6252 Ad Rd.;Wabamun;17-111;diam.Sed.diam@nostraperinceptos.edu;1-150-675-238-3908;186
65;William;Vargas;3219 Amet Avenue;Jaipur;80358-080;Morbi.neque.tellus@pellentesqueafacilisis.org;1-174-447-565-2229;187
66;Mikayla;Stokes;8505 Adipiscing Rd.;Hoogstraten;61410-482;et@molestietortornibh.ca;1-166-522-592-9025;188
67;Charde;Riggs;P.O. Box 989, 117 A Road;Tongerlo;406;eu@sedtortor.ca;1-356-734-959-3418;189
68;Lois;Dejesus;P.O. Box 351, 2107 Pede Rd.;Blankenberge;2688;nisi.nibh.lacinia@libero.net;1-899-502-612-6980;190
69;Lara;Mack;326-4941 Placerat, St.;Baie-D'Urfé;70-802;ipsum.non@nisl.com;1-950-633-956-9295;191
70;Armand;Kline;197-7134 Ut St.;Wels;3011;sem@nonantebibendum.com;1-219-319-101-8207;192
71;Leila;Conrad;103-8956 Nunc Rd.;Manavgat;98209;Pellentesque@est.com;1-589-833-479-2330;193
72;Stella;Chase;5781 Scelerisque Road;Cannock;951226;id@lacuspedesagittis.ca;1-796-867-460-3513;194
73;Kaseem;Garza;P.O. Box 729, 3727 Turpis Avenue;Issy-les-Moulineaux;35378;lacus.Quisque.imperdiet@molestietellus.com;1-605-831-635-6621;195
74;Galena;Joyce;4721 Mauris Road;Lo Barnechea;24-871;eu@maurisrhoncusid.ca;1-918-718-985-2444;196
75;Hilda;Burnett;Ap #968-6028 Pede, Road;San Rafael Abajo;4528;bibendum.fermentum@Donec.com;1-715-427-152-9453;197
76;Steel;Humphrey;6570 At Ave;Casper;3009;et@etrutrum.co.uk;1-590-121-983-7567;198
77;Yeo;Cooley;Ap #981-1002 Mollis. Avenue;Port Moody;88889;habitant.morbi.tristique@dolor.co.uk;1-956-560-667-3740;199
78;Odessa;Alvarez;Ap #301-3448 Arcu. St.;Bida;6752SW;Quisque.ac.libero@enimEtiamimperdiet.ca;1-189-328-105-3815;200
79;Abel;Hyde;3198 Velit St.;Nagaon;95318;eu@at.com;1-395-270-702-5220;201
80;Melvin;Hobbs;7774 In Rd.;MalŽves-Sainte-Marie-Wastines;7092;Mauris.ut@inlobortis.net;1-191-655-184-9172;202
81;Rose;Aguirre;636 A Road;Rengo;2400;sodales.Mauris.blandit@mattisCras.ca;1-485-345-393-5345;203
82;Hilda;Thomas;Ap #794-6515 Rhoncus Rd.;FlŽnu;I6E 2XK;nisi.magna@gravida.org;1-823-124-721-6074;204
83;Ria;Gonzales;Ap #769-1480 Rutrum Av.;Eisden;55533;ullamcorper.nisl@Nuncmauriselit.org;1-942-526-142-2511;205
84;Tiger;Stuart;8516 Nullam Street;Kingston;9819;eu@nislelementumpurus.net;1-869-955-325-1050;206
85;Dorothy;Nelson;P.O. Box 236, 3387 Interdum St.;Fürstenwalde;5087;Nullam@idmagna.ca;1-996-102-293-9469;207
86;Chanda;Marshall;Ap #228-4473 Arcu Rd.;Chicoutimi;192;luctus.Curabitur@infaucibusorci.net;1-820-558-610-8938;208
87;Charissa;Bartlett;8222 Orci. Av.;Riesa;588590;magna.malesuada@consequatlectussit.com;1-662-610-041-1349;209
88;Yael;Fuller;761-8625 Risus Ave;Santa Juana;91532;in.cursus@adlitora.edu;1-938-313-586-7526;210
89;Blaze;Stafford;650 Lectus Street;Duffel;80212;eu.ligula@quislectusNullam.com;1-647-656-475-6941;211
90;Calista;Mooney;516-1494 Commodo Avenue;Aizwal;80741;Vivamus.nisi.Mauris@interdumNuncsollicitudin.net;1-975-418-863-9426;212
91;Cooper;Vasquez;P.O. Box 619, 5832 Aliquam, Ave;Aschaffenburg;15897;leo.Cras.vehicula@Mauris.edu;1-340-815-084-3470;213
92;Candice;Sloan;Ap #429-7318 Erat St.;Rycroft;70218;Donec.porttitor.tellus@natoquepenatibuset.co.uk;1-187-913-571-1796;214
93;Lacota;Dixon;Ap #735-7964 Amet, Ave;Szczecin;131142;volutpat@risus.org;1-927-456-450-5141;215
94;Lana;Lawson;6507 Maecenas Avenue;Bottidda;HZ0Y 8UN;posuere.enim.nisl@sem.net;1-339-991-193-1712;216
95;Candice;Newton;P.O. Box 812, 8448 Rhoncus Ave;Oxford County;429880;ullamcorper.magna@condimentumDonec.co.uk;1-446-632-761-2741;217
96;Mannix;Jacobson;302-4229 Mi. Avenue;Calco;9060;ipsum.dolor.sit@convallis.com;1-532-296-222-9743;218
97;Barbara;Miles;Ap #543-9817 Ipsum Avenue;Sint-Pauwels;88471;mauris.id.sapien@Praesenteudui.ca;1-379-738-589-2600;219
98;Avye;Sutton;Ap #432-8764 Nonummy St.;Sant'Eufemia a Maiella;26905;erat.neque.non@arcuCurabiturut.org;1-819-540-838-5359;220
99;Omar;Vazquez;129-1832 Sed, St.;Casina;46189;dignissim.magna.a@euismodmauris.co.uk;1-131-534-523-5225;221
100;Calista;Grimes;Ap #251-9342 Tempor Avenue;Vallentuna;74497;est.congue@neque.net;1-493-601-989-6916;222
101;admin;admin;302-4229 Mi. Avenue;Riesa;47444;admin.admin@admin.co.za;1-493-601-989-6916;223
