Name;Surname;Address;City;Post Code;Email;Phone;Password
Samantha;Mooney;2461 Hendrerit Rd.;Marilles;357943;nonummy.Fusce.fermentum@Nuncmaurissapien.com;1-974-764-092-8058;12345
Breanna;Nicholson;4798 Nulla St.;Molfetta;86266;et@lectusNullamsuscipit.com;1-973-216-529-7088;12346
Dorothy;Deleon;Ap #309-7533 Pede. Street;Fresno;X2C 1H0;Nullam@telluslorem.edu;1-423-545-892-7966;12347
Mia;Decker;940-7856 Dolor Rd.;Oordegem;8570TW;Donec.non@augueut.org;1-989-454-191-3854;12348
Zeph;Buckner;1717 Neque. Avenue;Montefiore dell'Aso;56641;urna.justo@Sedidrisus.edu;1-358-171-207-2504;12349
Dieter;Pearson;745-9180 Arcu Road;Davenport;45121;vulputate.dui@Suspendissesagittis.com;1-506-841-952-7523;12350
Keiko;Bryant;1346 In St.;Wuppertal;67834;Donec.elementum@velpede.edu;1-751-641-039-1199;12351
Grant;Roberts;Ap #268-3848 Egestas. St.;Lutterworth;584577;taciti@arcuet.net;1-389-330-482-7976;12352
Delilah;Poole;P.O. Box 457, 7452 Ridiculus St.;San Sostene;38582;tellus.Aenean.egestas@elitfermentumrisus.co.uk;1-463-321-760-2053;12353
Victor;Ellis;509-4633 Interdum. Rd.;Thorold;27597-069;velit.eget@nibhQuisque.org;1-149-326-226-3132;12354
Ocean;Spence;P.O. Box 621, 5289 Velit. Road;Crescentino;N3R 5P2;Quisque.libero.lacus@nonummy.edu;1-524-431-576-5537;12355
Cassidy;Goff;P.O. Box 622, 5187 Non St.;Acquafredda;46756;odio.semper@tempordiamdictum.com;1-530-979-383-1998;12356
Christine;Schultz;P.O. Box 310, 3323 Erat St.;Legal;15347;ante@consectetuereuismod.org;1-653-603-955-4154;12357
Jason;Navarro;2516 Erat, Av.;Rebecq;432681;arcu.imperdiet@Integer.org;1-499-557-667-9877;12358
Samuel;Richard;Ap #576-362 Morbi Av.;Springfield;6860;lacus@sapienNuncpulvinar.com;1-987-751-273-5518;12359
Charissa;Walls;7421 Quis St.;Huissen;95-514;ullamcorper.velit@nisi.org;1-733-699-466-2089;12360
Eliana;Snider;336-842 Nunc St.;Bulnes;1753;orci.Donec.nibh@consequat.com;1-443-157-866-7401;12361
Hamish;Guerrero;392-2560 Est St.;Piscinas;9190FY;sit@pharetrasedhendrerit.org;1-295-636-759-3146;12362
Bradley;Head;665-4392 Eu Rd.;Zamość;3178;non@convallis.co.uk;1-864-399-284-1486;12363
Derek;Harrington;2954 Metus. Av.;Bamberg;6085MK;Lorem.ipsum.dolor@adlitoratorquent.com;1-247-352-005-1346;12364
Jarrod;Torres;Ap #432-5947 Nulla St.;Canela;607162;nostra@tristiquenequevenenatis.org;1-596-427-588-6013;12365
Eagan;Zimmerman;P.O. Box 915, 4669 Ante Ave;Darmstadt;9272;eros@famesac.org;1-634-322-965-2684;12366
Regan;Roberts;P.O. Box 586, 9986 Malesuada Road;Llanquihue;27115-210;varius.Nam@magnaaneque.com;1-730-815-830-4782;12367
Quemby;Ratliff;223-4836 Semper St.;Llanelli;6829TF;placerat@Sed.com;1-550-629-127-7019;12368
Reagan;Johnson;Ap #899-1200 A, St.;Paradise;41805;interdum.Nunc.sollicitudin@auctorvelit.ca;1-184-563-952-8108;12369
Amela;Franks;Ap #984-5211 Luctus. Ave;Silverton;45463;nec@diam.edu;1-694-112-086-9468;12370
Macaulay;Callahan;Ap #372-6640 Velit. Rd.;Belvedere Ostrense;2800CZ;erat.vitae.risus@magnaCrasconvallis.ca;1-960-974-659-7836;12371
Clarke;Elliott;P.O. Box 214, 4880 Nunc Avenue;Kooigem;14929;a.enim@consequatdolor.co.uk;1-469-848-158-3239;12372
Blaze;Mooney;P.O. Box 231, 7190 Elementum Avenue;Sierning;1747;feugiat.nec.diam@eudui.edu;1-903-284-775-4258;12373
Quyn;Anthony;8529 Sed Road;Cottbus;6805;nunc@eunullaat.net;1-246-250-110-3393;12374
Carla;Delaney;868-5207 Adipiscing Ave;Açailândia;50099;non.luctus.sit@odioauctorvitae.co.uk;1-637-653-056-1512;12375
Patricia;Dyer;6668 Lorem Av.;Laarne;21712;amet@utipsum.ca;1-605-954-394-4289;12376
Charde;Poole;Ap #561-6651 Auctor Avenue;Muridke;EU6Z 6RJ;commodo.hendrerit.Donec@Nam.co.uk;1-861-606-810-2269;12377
Isadora;James;Ap #694-4002 Curabitur Av.;Marano Lagunare;16490;feugiat.tellus@Donecegestas.edu;1-459-821-812-8905;12378
Jermaine;Snow;P.O. Box 508, 8174 Tempor Rd.;Putaendo;8773HD;orci.lobortis@nunc.edu;1-999-643-898-4401;12379
Eagan;Pearson;Ap #164-7395 Suspendisse St.;Baie-Saint-Paul;330708;dignissim@nonarcu.com;1-696-475-269-6191;12380
Len;Boyer;2030 Felis, Rd.;Barrhead;6186;eget@ametornarelectus.edu;1-404-175-033-4353;12381
Ursa;Nolan;761-811 Semper Rd.;Crawley;638682;In.at.pede@amet.com;1-197-511-586-2022;12382
Latifah;Sears;P.O. Box 419, 1430 Nisi St.;Emines;29-060;Etiam@venenatisa.edu;1-208-344-256-3718;12383
Priscilla;Lopez;754-2662 Egestas. Avenue;Sherbrooke;56155;tincidunt@penatibus.ca;1-817-989-848-5845;12384
Hedy;Thomas;Ap #124-6737 Nunc Rd.;Poederlee;3303;nec@urnanecluctus.net;1-908-485-669-3898;12385
Andrew;Austin;Ap #234-8609 Molestie St.;Crystal Springs;3193;quam.elementum@eratSed.co.uk;1-977-512-548-5683;12386
Daphne;Briggs;Ap #892-996 Enim Ave;Futaleufú;33051-858;lorem.vitae.odio@lectuspedeultrices.org;1-182-534-611-9346;12387
Raphael;Hunter;5210 Nulla St.;Chañaral;0364CO;iaculis.nec@auctor.com;1-574-468-348-4115;12388
Willa;Parrish;3428 Aenean Ave;Nederhasselt;72632;tempus@tempordiamdictum.co.uk;1-404-739-729-5693;12389
Shaine;Stein;7412 Nullam Street;Erchie;4456;sed@Mauris.org;1-195-211-336-6888;12390
Laurel;Fitzgerald;P.O. Box 986, 8710 Lobortis Rd.;Angers;28736;faucibus@erat.edu;1-531-649-199-9868;12391
Candace;Carver;2062 A St.;Kearny;41111-705;dui.augue.eu@iaculisneceleifend.co.uk;1-207-718-633-9010;12392
Tiger;Sherman;677-7494 Fringilla, St.;Merksem;536993;nisl@lacusEtiambibendum.ca;1-147-868-919-8063;12393
Vincent;Morton;724-397 Ultricies Street;FlŽnu;556885;a@Vivamusnisi.net;1-716-651-458-6301;12394
Charissa;Walls;696-5218 Vitae St.;Coaldale;929;et@dictumcursusNunc.net;1-163-944-000-2951;12395
Rosalyn;Rojas;2642 Enim. Ave;West Vancouver;79361;et.arcu@Nullam.org;1-485-962-687-9810;12396
Arthur;Malone;1869 Malesuada St.;Oranienburg;V6Y 1J0;massa.non.ante@nequeSedeget.co.uk;1-329-897-030-9292;12397
Yael;Mclaughlin;Ap #892-8303 Quis, Street;Colli a Volturno;11300;eget@laciniaat.net;1-895-316-435-8999;12398
Griffin;Dale;932-8289 Sed Rd.;Montluçon;35794;dictum.eleifend@magnaseddui.co.uk;1-251-742-705-9929;12399
Hashim;Morin;Ap #231-6495 Arcu. Road;Nijlen;1885;Phasellus@laoreetlectus.ca;1-939-443-314-4885;12400
Adara;Miranda;709-6572 Suspendisse Rd.;Scarborough;8975;vulputate@nunc.org;1-527-402-536-1695;12401
Dorothy;Brown;5638 Vel Avenue;Olathe;2057;ante@variusNam.co.uk;1-396-501-540-3333;12402
Kellie;Robinson;1763 Amet, St.;Bilbo;N6N 8C1;at@FuscefeugiatLorem.org;1-970-355-854-9335;12403
Olivia;Boyle;9373 In Av.;Sunset Point;60313;et.magna.Praesent@natoque.net;1-489-119-477-1507;12404
Kaden;Bowman;7481 Nec Ave;Eastbourne;C0M 6C1;sollicitudin@sem.co.uk;1-371-204-080-7773;12405
Amber;Colon;Ap #395-7807 Ante. Rd.;Leeuwarden;S3V 5J1;Donec.non@lectus.net;1-435-912-533-5482;12406
Rafael;Walters;P.O. Box 877, 829 Enim. Ave;Desteldonk;62217;dolor.vitae@tempus.edu;1-442-472-864-9259;12407
Damian;Brooks;181-4248 Commodo Avenue;Walsall;MP1X 7WR;feugiat@vitaesodalesnisi.ca;1-682-132-544-4568;12408
Anastasia;Oliver;P.O. Box 920, 1732 Cursus St.;Pellizzano;Y3M 0R2;lacus.Nulla@nisiAeneaneget.edu;1-956-477-782-2556;12409
Lois;Vazquez;231-7169 Phasellus Rd.;Verrebroek;23449;sociosqu.ad.litora@magnaatortor.net;1-401-413-386-4942;12410
Upton;Estes;5487 Neque Rd.;Renfrew;64234;non@nislarcu.edu;1-842-773-445-6855;12411
Evan;Noble;Ap #323-5666 Augue, Ave;Asse;49002-569;Duis@rutrum.co.uk;1-518-138-760-7253;12412
Anthony;Moon;924-2532 Id, Avenue;Oyen;167762;enim.condimentum@at.edu;1-312-229-740-2926;12413
Mia;Garza;P.O. Box 872, 899 Maecenas Ave;Saint-Herblain;348699;sed.dui.Fusce@velit.ca;1-445-867-619-9546;12414
Ross;Rivers;357-8707 Imperdiet St.;Mazenzele;4300;adipiscing.enim.mi@infaucibus.net;1-502-291-110-9583;12415
Yvette;Haynes;797-2511 A St.;Columbia;859;vehicula@Donecnonjusto.co.uk;1-848-525-722-2289;12416
Celeste;Erickson;Ap #211-7040 Eu Rd.;Barasat;20516;neque.Morbi.quis@elementumloremut.ca;1-437-432-801-2900;12417
Daria;Hopkins;409-2500 Orci Avenue;Pettineo;930932;urna@magna.net;1-335-529-953-2085;12418
Indigo;Gardner;535-9720 Vestibulum Ave;West Ham;601188;ipsum@morbitristiquesenectus.ca;1-266-221-921-6018;12419
Mason;Pickett;P.O. Box 882, 7850 Sit St.;Affligem;7365;purus@pulvinararcuet.co.uk;1-120-811-507-7772;12420
Randall;Cash;Ap #581-6286 Hendrerit St.;San Sostene;275382;vestibulum.massa@Fusce.net;1-568-840-272-9546;12421
Gloria;Stanley;Ap #185-1734 Sed St.;Greater Hobart;16-695;et.ultrices.posuere@elita.org;1-435-750-614-3343;12422
Malcolm;Brady;2440 Dui, Avenue;Bellingen;N7Y 4P9;per.inceptos@tellusfaucibus.com;1-875-110-212-7629;12423
Donovan;Bradley;6162 Ut Ave;Neustadt;95681;et.euismod.et@tellusfaucibusleo.org;1-790-678-875-3718;12424
Reuben;Holloway;Ap #479-1370 Malesuada Avenue;Ödemiş;81-486;euismod.enim@In.co.uk;1-551-642-615-1651;12425
Karen;Pena;145-2390 Tortor. Avenue;Rezzoaglio;52535;et.rutrum@maurisIntegersem.edu;1-227-534-687-1592;12426
Kamal;Hebert;Ap #774-936 Parturient Rd.;Dhuy;8465;ullamcorper@eros.org;1-862-718-933-4193;12427
Kasimir;Patrick;821-5132 Duis Avenue;Cairo Montenotte;C2C 9K8;congue.a.aliquet@sollicitudin.org;1-906-121-717-7452;12428
Tatum;Shelton;229-191 At St.;Nocciano;7794;erat.Etiam.vestibulum@nonarcu.com;1-696-786-319-2282;12429
Melinda;Blevins;Ap #216-8452 Enim Avenue;Sefro;5018;nascetur.ridiculus.mus@quam.net;1-833-113-742-7596;12430
Shelly;Blanchard;9565 Vel Rd.;Courbevoie;89574-507;ornare.facilisis.eget@Donecdignissimmagna.co.uk;1-588-197-625-1528;12431
Roth;Neal;974-2214 Tempor, Avenue;Wanneroo;70364;Morbi@tempusrisusDonec.com;1-472-920-756-5127;12432
Erasmus;Burns;Ap #347-5025 Non Av.;Salon-de-Provence;9019WE;magna@purussapiengravida.co.uk;1-208-271-812-4543;12433
Xenos;Garza;812-4325 Ridiculus Street;Kawartha Lakes;439273;egestas.Aliquam@tinciduntvehicula.com;1-780-644-992-7793;12434
John;Shepherd;807-8745 Magna Avenue;Tramutola;115257;nec.imperdiet@nequeseddictum.ca;1-334-951-733-6851;12435
Preston;Schmidt;401-3748 Montes, Av.;Grand-Leez;3845;et.rutrum@loremlorem.ca;1-464-168-361-3972;12436
Julian;Sellers;Ap #274-8315 Sociis Avenue;Thalassery;86562-326;ligula.Nullam.enim@sem.ca;1-493-174-116-9737;12437
Sara;Maldonado;Ap #576-9239 Fusce Rd.;Pulle;33527;tempus@Nullatempor.ca;1-469-632-324-6589;12438
Kieran;Riley;221 Sit Rd.;Águas Lindas de Goiás;86783;montes.nascetur.ridiculus@ipsumPhasellus.net;1-500-685-479-7345;12439
Heather;Buck;Ap #273-5987 Elementum St.;Şereflikoçhisar;45-202;Quisque.imperdiet@quamCurabiturvel.edu;1-181-218-036-7030;12440
Carolyn;Whitney;Ap #161-6081 Nisi. Street;Colorado Springs;9648;quis.pede@tincidunt.edu;1-503-307-733-2142;12441
Erasmus;Griffin;704-4657 Ut, Rd.;Montgomery;52701;luctus.lobortis@Suspendissesed.ca;1-101-388-578-2992;12442
Isaiah;Armstrong;3920 Ut Av.;Scanzano Jonico;4864WK;eget@mauris.ca;1-303-741-388-6565;12443
Olympia;Mathis;5663 Lectus, Rd.;Accadia;513808;Cras.eu@velit.net;1-103-871-585-1427;12444
